CREATE DATABASE foundation_assessment_ii;
USE foundation_assessment_ii;

CREATE TABLE movie_info(
  Movie_ID integer,
  Movie_Name varchar(50) NOT NULL,
  Movie_Length varchar(50) NOT NULL,
  Age_Rating varchar(50) NOT NULL
);

CREATE TABLE screens(
  Screen_ID integer,
  Four_K bool NOT NULL
);

CREATE TABLE showings(
  Showing_ID integer,
  Movie_ID integer,
  Screen_ID integer,
  Start_time  time,
  Available_Seats integer
);

INSERT INTO movie_info(movie_ID, movie_name, movie_length, age_rating)
 VALUES 
 (1, "The Movie", "2:19:00", "12A"),
 (2, "The Other Movie", "1:30:00", "15"),
 (3, "The 3D Amazing Movie",  "1:42:00", "PG"),
 (4, "La Allure", "1:09:00", "18"),
 (5, "The Cartoon", "1:15:00", "U"),
 (6, "The Scary Cartoon", "1:23:00", "PG"),
 (7, "The Coming Of Age", "1:40:00", "12A"),
 (8, "The War", "2:07:00", "15"),
 (9, "The Murder Mystery", "1:47:00", "15");

 INSERT INTO screens(screen_ID, four_k)
 VALUES 
  (1, True),
  (2, False),
  (3, True),
  (4, True),
  (5, True),
  (6, True),
  (7, True),
  (8, False),
  (9, True),
  (10, True);

 INSERT INTO showings(showing_ID, movie_ID,screen_ID, start_time, available_seats)
 VALUES 
  (1, 1, 2, '12:00:00', 10), 
  (2, 1, 2, '17:00:00', 23), 
  (3, 2, 9, '10:30:00', 30), 
  (4, 3, 1, '07:00:00', 38), 
  (5, 3, 5, '10:00:00', 26), 
  (6, 3, 1, '17:00:00', 5), 
  (7, 3, 1, '19:00:00', 0), 
  (8, 3, 5, '14:00:00', 2), 
  (9, 4, 9, '20:00:00', 14), 
  (10, 4, 9, '23:00:00', 23), 
  (11, 5, 6, '09:30:00', 30), 
  (12, 5, 6, '12:30:00', 7), 
  (13, 5, 6, '14:30:00', 0), 
  (14, 5, 6, '15:20:00', 0), 
  (15, 6, 10, '10:00:00', 32), 
  (16, 6, 10, '13:30:00', 25), 
  (17, 6, 10, '17:00:00', 14), 
  (18, 7, 7, '12:00:00', 36), 
  (19, 8, 4, '15:00:00', 24), 
  (20, 9, 3, '17:00:00', 0);

SELECT movie_info.movie_name, showings.start_time
FROM movie_info
JOIN showings ON movie_info.movie_ID = showings.movie_ID
WHERE showings.start_time >= '12:00:00' AND showings.available_seats > 0
ORDER BY showings.start_time;


CREATE TABLE movie_showings_count AS
SELECT movie_ID, COUNT(*) AS num_showings
FROM showings
GROUP BY movie_ID;

SELECT movie_info.Movie_Name
FROM movie_info
INNER JOIN movie_showings_count
ON movie_info.Movie_ID = movie_showings_count.movie_ID
ORDER BY movie_showings_count.num_showings DESC
LIMIT 1;
